{
  "experiment": "diagnostic_20260226_234343",
  "n_test": 20,
  "modalities": {
    "image": {
      "fcd_over_time": [
        0.5718216529152111,
        0.7459709533432544,
        0.8463596021017133,
        0.9977384741638977,
        1.0352599896328747,
        0.9841443863591259,
        1.0565534251271607,
        1.1077173487377676
      ],
      "knn_10_mean_over_time": [
        0.20835845172405243,
        0.21686172485351562,
        0.21549634635448456,
        0.2014574557542801,
        0.19405123591423035,
        0.20777186751365662,
        0.22532756626605988,
        0.21663030982017517
      ],
      "intra_pairwise_mean_over_time": [
        0.88132244348526,
        0.7572125792503357,
        0.6545292735099792,
        0.5598413348197937,
        0.5251178741455078,
        0.5572383403778076,
        0.5322499871253967,
        0.5067521929740906
      ],
      "participation_ratio_over_time": [
        10.50724644368566,
        8.764227705845453,
        8.734983653305457,
        8.208826145009905,
        7.780372763971772,
        7.633513629262811,
        7.680049461250706,
        7.68174142589775
      ],
      "cluster_entropy_norm_over_time": [
        0.8150173755462522,
        0.7335647750593811,
        0.6549637840695159,
        0.4867322108268153,
        0.30417446883981947,
        0.3739454719018382,
        0.3159796176996252,
        0.4217499522436763
      ],
      "mmd_over_time": [
        0.038455793280426365,
        0.11479865369149023,
        0.1557752512914502,
        0.20050158143338725,
        0.2205153044325886,
        0.1919198419923489,
        0.21926670410261961,
        0.23711495781565173
      ]
    },
    "text": {
      "fcd_over_time": [
        0.6310806138751089,
        1.0257480281260283,
        1.1667093610648391,
        1.402423771529898,
        1.5300173088916496,
        1.4524924705009339,
        1.5666695660256273,
        1.5826086084340472
      ],
      "knn_10_mean_over_time": [
        0.1690729260444641,
        0.12656068801879883,
        0.1030036211013794,
        0.07851872593164444,
        0.07296416163444519,
        0.07276517897844315,
        0.0609884187579155,
        0.07261322438716888
      ],
      "intra_pairwise_mean_over_time": [
        0.91286700963974,
        0.6517645120620728,
        0.5225107073783875,
        0.33455297350883484,
        0.2494099736213684,
        0.3013747036457062,
        0.21902470290660858,
        0.19872958958148956
      ],
      "participation_ratio_over_time": [
        10.164720570213959,
        5.404754136448215,
        6.5816575034195814,
        5.617399680092162,
        4.081213537254701,
        4.4084966157330365,
        3.754745232651746,
        3.4029041061107645
      ],
      "cluster_entropy_norm_over_time": [
        0.8565480048078463,
        0.5327756891550406,
        0.4393883668063852,
        0.21694610050695778,
        0.12004318577961938,
        0.14563898826060093,
        -0.0,
        0.15609351984462583
      ],
      "mmd_over_time": [
        0.0690979161523847,
        0.19738763756015154,
        0.28035186367085696,
        0.3884428108385848,
        0.43585462188535484,
        0.4160993480020573,
        0.46815777656891056,
        0.4916610405903974
      ]
    }
  }
}